"id_owner","owner"
"1","PT. PELAYARAN ALBA BERKAH SAMUDERA"
"2","PT ARMADA INDONESIA MANDIRI"
"3","PT SOWOHI KENTITI JAYA"
"4","PT. BERLIAN LAUTAN SEJAHTERA"
"5","PT PELNI"
"6","PT PELNI"
"7","PT SOWOHI KENTITI JAYA"
"8","PT. BERLIAN LAUTAN SEJAHTERA"
"9","PT PELNI"
"10","PT PELNI"
"11","PT PELNI"
"12","PT. BANDAR BAHARI PERMAI"
"13","PT PELNI"
"14","PT PRIMA NUSA BAHARI"
"15","PT. BERLIAN LAUTAN SEJAHTERA"
"16","PT SOWOHI KENTITI JAYA"
"17","TNI AL"
"18","PT ARMADA INDONESIA MANDIRI"
"19","PT ARMADA INDONESIA MANDIRI"
"20","BADAN RISET DAN INOVASI NASIONAL"
"21","PT GLOBAL EKA MARINE"
"22","PT GLOBAL EKA MARINE"
"23","PT. SAMAS"
"24","PT PELNI"
"25","DIVISI KAPAL SELAM PT. PAL INDONESIA"
"26","DIVISI NIAGA PT. PAL INDONESIA"
"27","PT PELNI"
"28","PT. BANDAR BAHARI PERMAI"
"29","PT. ARMADA INDONESIA MANDIRI"
"30","PT PELNI"
"31","PT DHARMA LAUTAN UTAMA"
"32","PT SAMUDRA YACHTING INDONESIA"
"33","PT PELNI"
"34","DIVISI PEMELIHARAAN DAN PERBAIKAN PT. PAL INDONESIA"
"35","DISHARKAP KOARMADA II"
"36","PT SOWOHI KENTITI JAYA"
"37","PT SAHUINDO MARINO JAYA"
"38","PT BAROKAH GEMILANG PERKASA"
"39","DISHARKAP KOARMADA II"
"40","PT. BERLIAN LAUTAN SEJAHTERA"
"41","PT ARMADA INDONESIA MANDIRI"
"42","PT. PELNI"
"43","PT. PELNI"
"44","PT. TANTO INTIM LINE"
"45","PT ARMADA INDONESIA MANDIRI"
"46","PT. BERLIAN LAUTAN SEJAHTERA"
"47","PT DHARMA LAUTAN UTAMA"
"48","PT DHARMA LAUTAN UTAMA"
"49","PT DHARMA LAUTAN UTAMA"
"50","PT ARMADA INDONESIA MANDIRI"
"51","KEMENTERIAN PERTAHANAN REPUBLIK INDONESIA"
"52","KEMENTERIAN PERTAHANAN REPUBLIK INDONESIA"
"53","1/18/2023"
"54","SATHARMAT KOARMADA II"
"55","PT. BUNGA TERATAI"
"56","PT PELNI"
"57","BALAI BESAR SURVEI DAN PEMETAAN GEOLOGI KELAUTAN"
"58","SATHARMAT KOARMADA II"
"59","PT DHARMA LAUTAN UTAMA"
"60","DISHARKAP"
"61","PT PELNI"
"62","PT PELNI"
"63","PT PELNI"
"64","PT. PELINDO MARINE SERVICE"
"65","PT. BERLIAN LAUTAN SEJAHTERA"
"66","PT PELNI"
"67","PT PELNI"
"68","PT. TIMUR MILA UTAMA"
"69","PT LUNDIN"
"70","PT BAROKAH GEMILANG PERKASA"
"71","DISHARKAP"
"72","PT BAROKAH GEMILANG PERKASA"
"73","PT PUPUK INDONESIA LOGISTIK"
"74","PT. BERLIAN LAUTAN SEJAHTERA"
"75","PT PUPUK INDONESIA LOGISTIK"
"76","PT PUPUK INDONESIA LOGISTIK"
"77","PT DHARMA LAUTAN UTAMA"
"78","PT. PELAYARAN SINAR SHIPPING INDONESIA"
"79","PT TRANS POWER MARINE Tbk"
"80","PT ATOSIM LAMPUNG PELAYARAN"
"81","PT. PELAYARAN STRAITS PERDANA"
"82","SATHARMAT KOARMADA II"
"83","SATHARMAT KOARMADA II"
"84","PT BAROKAH GEMILANG PERKASA"
"85","KEMENTERIAN PERTAHANAN REPUBLIK INDONESIA"
"86","SATHARMAT KOARMADA II"
"87","PT PELNI"
"88","PT PELNI"
"89","PT DHARMA LAUTAN UTAMA"
"90","PT. PELAYARAN SINAR SHIPPING INDONESIA"
"91","PT TRANS POWER MARINE Tbk"
"92","PT ATOSIM LAMPUNG PELAYARAN"
"93","PT. PELAYARAN STRAITS PERDANA"
"94","SATHARMAT KOARMADA II"
"95","SATHARMAT KOARMADA II"
"96","PT BAROKAH GEMILANG PERKASA"
"97","KEMENTERIAN PERTAHANAN REPUBLIK INDONESIA"
"98","SATHARMAT KOARMADA II"
"99","PT PELNI"
"100","PT PELNI"
"101","PT ARMADA INDONESIA MANDIRI"
"102","SATHARMAT KOARMADA II"
"103","PT SAMUDRA YACHTING INDONESIA"
"104","PT SINAR BINTANG SAMUDERA"
"105","SATHARMAT KOARMADA II"
"106","PT DHARMA LAUTAN UTAMA"
"107","PT. SUASA BENUA SUKSES"
"108","PT PRIMA EKSEKUTIF"
"109","SATHARMAT KOARMADA II"
"110","SATHARMAT KOARMADA II"
"111","SATHARMAT KOARMADA II"
"112","PT MARMIN"
"113","SATHARMAT KOARMADA II"
"114","SATHARMAT KOARMADA II"
"115","PT. MUTIARA FERINDA INTERNUSA"
"116","PT. BAYU MARITIM BERKAH"
"117","SATHARMAT KOARMADA II"
"118","PT. TANTO INTIM LINE"
"119","PT PRIMA EKSEKUTIF"
"120","PT. PINDAD (PERSERO)"
"121","PT. PINDAD (PERSERO)"
"122","PT. RAJAWALI BERLIAN"
"123","PT. RB INTIM LINE"
"124","PT. TB INTIM LINE"
"125","PT. RB INTIM LINE"
"126","PT. TB INTIM LINE"
"127","PT. BAYU MARITIM BERKAH"
"128","PT DHARMA LAUTAN UTAMA"
"129","KEMENTERIAN PERTAHANAN REPUBLIK INDONESIA"
"130","PT. BUNGA TERATAI"
"131","PT. BAYU MARITIM BERKAH"
"132","PT PELNI"
"133","KEMENTERIAN PERTAHANAN REPUBLIK INDONESIA"
"134","PT PELNI"
"135","KEMENTERIAN PERTAHANAN REPUBLIK INDONESIA"
"136","PT ATOSIM LAMPUNG PELAYARAN"
"137","PT PELNI"
"138","PT PRIMA NUSA BAHARI"
"139","PT PRIMA EKSEKUTIF"
"140","PT DHARMA LAUTAN UTAMA"
"141","PT PELNI"
"142","BALAI BESAR SURVEI DAN PEMETAAN GEOLOGI KELAUTAN"
"143","SATHARMAT KOARMADA II"
"144","SATHARMAT KOARMADA II"
"145","PT PRIMA EKSEKUTIF"
"146","PT. PINDAD (PERSERO)"
"147","PT. PINDAD (PERSERO)"
"148","PT. RAJAWALI BERLIAN"
"149","PT. RB INTIM LINE"
"150","PT. TB INTIM LINE"
"151","PT. RB INTIM LINE"
"152","PT. TB INTIM LINE"
"153","PT. BAYU MARITIM BERKAH"
"154","PT DHARMA LAUTAN UTAMA"
"155","KEMENTERIAN PERTAHANAN REPUBLIK INDONESIA"
"156","PT. BUNGA TERATAI"
"157","PT. BAYU MARITIM BERKAH"
"158","PT PELNI"
"159","KEMENTERIAN PERTAHANAN REPUBLIK INDONESIA"
"160","PT PELNI"
"161","KEMENTERIAN PERTAHANAN REPUBLIK INDONESIA"
"162","PT ATOSIM LAMPUNG PELAYARAN"
"163","PT PELNI"
"164","PT PRIMA NUSA BAHARI"
"165","PT PRIMA EKSEKUTIF"
"166","PT DHARMA LAUTAN UTAMA"
"167","PT PELNI"
"168","BALAI BESAR SURVEI DAN PEMETAAN GEOLOGI KELAUTAN"
"169","SATHARMAT KOARMADA II"
"170","SATHARMAT KOARMADA II"
"171","PT PELNI"
"172","SATHARMAT KOARMADA II"
"173","SATHARMAT KOARMADA II"
"174","SATHARMAT KOARMADA II"
