nama_kapal,no_kontrol,owner,tanggal_docking,tanggal_undocking,rentang_waktu,nama_dock
TB Fatimah,R21TBFXA,PT. PELAYARAN ALBA BERKAH SAMUDERA,12/30/2021,1/14/2022,15,Irian
KM Mutiara Barat,R21MTBXA,PT ARMADA INDONESIA MANDIRI,12/31/2021,1/14/2022,14,Irian
AHT Patrona 118,R22PTNXA,PT SOWOHI KENTITI JAYA,1/15/2022,1/28/2022,13,Surabaya
KMP Niki Sejahtera,R21NSJXA,PT. BERLIAN LAUTAN SEJAHTERA,1/16/2022,2/4/2022,19,Irian
KM Tilong Kabila,R22TLKXA,PT PELNI,1/30/2022,2/18/2022,19,Surabaya
KM Lambelu,R22LBUXA,PT PELNI,2/5/2022,2/17/2022,12,Irian
AHT Patrona 118,R22PTNXA,PT SOWOHI KENTITI JAYA,2/5/2022,2/17/2022,12,Irian
KMP Niki Sejahtera,R21NSJXA,PT. BERLIAN LAUTAN SEJAHTERA,2/22/2022,3/5/2022,11,Irian
KM Binaiyah,R22BNIXA,PT PELNI,2/22/2022,3/17/2022,23,Surabaya
KM Kelimutu,R22KMUXA,PT PELNI,3/5/2022,3/28/2022,23,Irian
KM AWU,R22AWUXA,PT PELNI,3/5/2022,3/28/2022,23,Irian
KM Sarana Lintas Utama,R22SLUXA,PT. BANDAR BAHARI PERMAI,3/18/2022,4/20/2022,33,Surabaya
KM Sinabung,R22SNBXA,PT PELNI,3/29/2022,4/13/2022,15,Irian
KLM Ayana Lako DI 1,R22ALDXA,PT PRIMA NUSA BAHARI,3/29/2022,4/13/2022,15,Irian
KMP Niki Sejahtera (Docking III),R21NSJGA,PT. BERLIAN LAUTAN SEJAHTERA,4/14/2022,4/21/2022,7,Irian
AHT Patrona 118 - Docking III,R22PTNXA,PT SOWOHI KENTITI JAYA,4/22/2022,4/28/2022,6,Surabaya
KRI Golok,R22GLKXA,TNI AL,4/22/2022,4/28/2022,6,Surabaya
KM Mutiara Sentosa III,R21MS3XA,PT ARMADA INDONESIA MANDIRI,4/23/2022,4/29/2022,6,Irian
KM Ferindo I,R22FR1XA,PT ARMADA INDONESIA MANDIRI,4/30/2022,5/12/2022,12,Irian
KM Baruna Jaya III,R22BJ3XA,BADAN RISET DAN INOVASI NASIONAL,4/30/2022,5/27/2022,27,Irian
SV Etzomer,R22EZRXA,PT GLOBAL EKA MARINE,5/29/2022,6/6/2022,8,Irian
SV Etzomer (Docking II),R22EZRXA,PT GLOBAL EKA MARINE,6/8/2022,6/29/2022,21,Irian
KM Fatimah IV,R22FT4XA,PT. SAMAS,6/8/2022,6/29/2022,21,Irian
KM Logistik Nusantara 3,R22LN3XA,PT PELNI,6/15/2022,7/7/2022,22,Surabaya
KRI Cakra,G11ATQY,DIVISI KAPAL SELAM PT. PAL INDONESIA,7/1/2022,7/4/2022,3,Irian
BRS,,DIVISI NIAGA PT. PAL INDONESIA,7/6/2022,7/21/2022,15,Irian
KM Egon,,PT PELNI,7/8/2022,8/25/2022,48,Surabaya
KM Blossom Pescadores,R22SBLOXA,PT. BANDAR BAHARI PERMAI,7/22/2022,8/9/2022,18,Irian
KM Ferindo II,R22FR2XA,PT. ARMADA INDONESIA MANDIRI,8/10/2022,8/17/2022,7,Irian
km Labobar,R22LABXA,PT PELNI,8/19/2022,9/6/2022,18,Irian
Dharma Ferry V,R22DF5XA,PT DHARMA LAUTAN UTAMA,8/23/2022,9/9/2022,17,Semarang
KLM Harmoni,R22EPHXA,PT SAMUDRA YACHTING INDONESIA,8/23/2022,9/9/2022,17,Semarang
KM Logistik Nusantara 2,R22LN2XA,PT PELNI,9/2/2022,10/6/2022,34,Surabaya
LCM PAL,I38ZMND,DIVISI PEMELIHARAAN DAN PERBAIKAN PT. PAL INDONESIA,9/2/2022,10/6/2022,34,Surabaya
KRI Yos Sudarso - 353,R22YOSDA,DISHARKAP KOARMADA II,9/8/2022,9/27/2022,19,Irian
SV Prospero 9,,PT SOWOHI KENTITI JAYA,9/8/2022,9/29/2022,21,Irian
TB Morino 168,R22MRNXA,PT SAHUINDO MARINO JAYA,9/8/2022,9/29/2022,21,Irian
MT Ratu Ruwaidah,R22RRWXA,PT BAROKAH GEMILANG PERKASA,9/12/2022,12/28/2022,107,Semarang
KRI Arun - 903,R22ARNDA,DISHARKAP KOARMADA II,9/29/2022,10/7/2022,8,Irian
KMP Niki Barokah,R22NBRXA,PT. BERLIAN LAUTAN SEJAHTERA,10/9/2022,11/4/2022,26,Surabaya
KM Mutiara Timur I,R22MT1XA,PT ARMADA INDONESIA MANDIRI,10/10/2022,10/22/2022,12,Irian
KM Lumoso Selamat,R22LSMXA,PT. PELNI,10/26/2022,11/11/2022,16,Irian
KT Jaya Negara 401,R22JYNXA,PT. PELNI,10/26/2022,11/11/2022,16,Irian
,R22THDXA,PT. TANTO INTIM LINE,11/7/2022,11/24/2022,17,Surabaya
,R22MP3XA,PT ARMADA INDONESIA MANDIRI,11/15/2022,11/25/2022,10,Irian
KMP Niki Sae,R22NSEXA,PT. BERLIAN LAUTAN SEJAHTERA,12/1/2022,12/12/2022,11,Irian
KM Kirana III,R22KR3XA,PT DHARMA LAUTAN UTAMA,12/8/2022,12/31/2022,23,Surabaya
KM Dharma Rucitra 8,R22DR8XA,PT DHARMA LAUTAN UTAMA,12/16/2022,12/31/2022,15,Irian
KM Dharma Rucitra 8,R22DR8XA,PT DHARMA LAUTAN UTAMA,12/16/2022,2/4/2023,50,Irian
FC Avant Garde,R22AVGXA,PT ARMADA INDONESIA MANDIRI,12/29/2022,12/31/2022,2,Semarang
KRI Fatahilah - 361,R22FTHXA,KEMENTERIAN PERTAHANAN REPUBLIK INDONESIA,12/29/2022,12/31/2022,2,Semarang
KRI Hasan Basri,R23HBSXA,KEMENTERIAN PERTAHANAN REPUBLIK INDONESIA,1/9/2023,1/31/2023,22,Surabaya
KRI Dr. Wahidin Sudiro Husodo,SATHARMAT KOARMADA II,1/18/2023,1/18/2023,1/31/2023,13,Semarang
KRI Malahayati - 361,R22MLHXA,SATHARMAT KOARMADA II,1/18/2023,1/31/2023,13,Semarang
KMP Prince Soya,,PT. BUNGA TERATAI,2/1/2023,2/7/2023,6,Surabaya
KM Tilong Kabila,R23TLKXA,PT PELNI,2/2/2023,2/17/2023,15,Semarang
SV Geomarini III,R23GM3XA,BALAI BESAR SURVEI DAN PEMETAAN GEOLOGI KELAUTAN,2/2/2023,2/17/2023,15,Semarang
KRI Bima Suci,R23BSCDA,SATHARMAT KOARMADA II,2/6/2023,2/27/2023,21,Irian
KM Kirana,R23KRNXA,PT DHARMA LAUTAN UTAMA,2/6/2023,2/25/2023,19,Irian
KRI Teluk Banten - 516,R23TBTDA,DISHARKAP,2/9/2023,3/3/2023,22,Surabaya
KM Lambelu,R23LBUXA,PT PELNI,2/21/2023,3/23/2023,30,Semarang
KM Logistik Nusantara 5,R23LN5XA,PT PELNI,2/21/2023,3/23/2023,30,Semarang
KM Sinabung,R23SNBXA,PT PELNI,2/21/2023,4/7/2023,45,Semarang
KT Jayanegara 402,R23JY2XA,PT. PELINDO MARINE SERVICE,3/2/2023,3/15/2023,13,Irian
KM Niki Sejahtera,R23NSJXA,PT. BERLIAN LAUTAN SEJAHTERA,3/2/2023,3/15/2023,13,Irian
KM Leuser,R23LSRXA,PT PELNI,3/4/2023,3/30/2023,26,Surabaya
KM Bukit Siguntang,R23BKSXA,PT PELNI,3/18/2023,4/1/2023,14,Irian
KM Niki Mila Utama,R23NMUXA,PT. TIMUR MILA UTAMA,3/25/2023,4/7/2023,13,Semarang
KM Sakira,R23SKRXA,PT LUNDIN,4/1/2023,4/8/2023,7,Surabaya
MT Patricia,R23PTCXA,PT BAROKAH GEMILANG PERKASA,4/6/2023,5/2/2023,26,Irian
KRI Teluk Ende - 517,R23TLEKA,DISHARKAP,4/10/2023,6/24/2023,75,Surabaya
KM Ratu Ruwaidah,R23RRWXA,PT BAROKAH GEMILANG PERKASA,4/12/2023,4/16/2023,4,Semarang
MT Salmon Mustafa,R23SMFXA,PT PUPUK INDONESIA LOGISTIK,4/19/2023,6/16/2023,58,Semarang
KM Niki Sejahtera,R23NSJXA,PT. BERLIAN LAUTAN SEJAHTERA,4/19/2023,5/24/2023,35,Semarang
MT Salmon Mustafa,R23SMFXA,PT PUPUK INDONESIA LOGISTIK,4/19/2023,6/16/2023,58,Semarang
MT Salmon Mustafa,R23SMFXA,PT PUPUK INDONESIA LOGISTIK,4/19/2023,6/16/2023,58,Semarang
KM Dharma Kartika 2,R22DR8XA,PT DHARMA LAUTAN UTAMA,5/6/2023,5/27/2023,21,Irian
OFT Apollo,R23APLXA,PT. PELAYARAN SINAR SHIPPING INDONESIA,5/27/2023,6/3/2023,7,Semarang
FC Sovereign 8,R22SV8XA,PT TRANS POWER MARINE Tbk,5/29/2023,6/6/2023,8,Irian
KM Mutiara Barat,R23MTBXA,PT ATOSIM LAMPUNG PELAYARAN,6/12/2023,6/28/2023,16,Irian
FC Straits Ventura II,R23SV2XA,PT. PELAYARAN STRAITS PERDANA,6/12/2023,6/16/2023,4,Semarang
KRI Slamet Riyadi,R23SRIDA,SATHARMAT KOARMADA II,7/3/2023,7/18/2023,15,Irian
KRI Yos Sudarso,R23YOSDA,SATHARMAT KOARMADA II,7/3/2023,7/18/2023,15,Irian
MT Patricia,R23PTCXA,PT BAROKAH GEMILANG PERKASA,7/7/2023,7/20/2023,13,Semarang
KRI Ajak - 653,R22FPBXA,KEMENTERIAN PERTAHANAN REPUBLIK INDONESIA,7/12/2023,9/6/2023,56,Surabaya
KRI Ahmad Yani,R23AMYKA,SATHARMAT KOARMADA II,7/20/2023,9/18/2023,60,Irian
KM Logistik Nusantara 6,R23LN6XA,PT PELNI,7/22/2023,8/27/2023,36,Semarang
KM Logistik Nusantara 6,R23LN6XA,PT PELNI,7/22/2023,8/27/2023,36,Semarang
KM Dharma Kartika 2,R22DR8XA,PT DHARMA LAUTAN UTAMA,5/6/2023,5/27/2023,21,Irian
OFT Apollo,R23APLXA,PT. PELAYARAN SINAR SHIPPING INDONESIA,5/27/2023,6/3/2023,7,Semarang
FC Sovereign 8,R22SV8XA,PT TRANS POWER MARINE Tbk,5/29/2023,6/6/2023,8,Irian
KM Mutiara Barat,R23MTBXA,PT ATOSIM LAMPUNG PELAYARAN,6/12/2023,6/28/2023,16,Irian
FC Straits Ventura II,R23SV2XA,PT. PELAYARAN STRAITS PERDANA,6/12/2023,6/16/2023,4,Semarang
KRI Slamet Riyadi,R23SRIDA,SATHARMAT KOARMADA II,7/3/2023,7/18/2023,15,Irian
KRI Yos Sudarso,R23YOSDA,SATHARMAT KOARMADA II,7/3/2023,7/18/2023,15,Irian
MT Patricia,R23PTCXA,PT BAROKAH GEMILANG PERKASA,7/7/2023,7/20/2023,13,Semarang
KRI Ajak - 653,R22FPBXA,KEMENTERIAN PERTAHANAN REPUBLIK INDONESIA,7/12/2023,9/6/2023,56,Surabaya
KRI Ahmad Yani,R23AMYKA,SATHARMAT KOARMADA II,7/20/2023,9/18/2023,60,Irian
KM Logistik Nusantara 6,R23LN6XA,PT PELNI,7/22/2023,8/27/2023,36,Semarang
KM Logistik Nusantara 6,R23LN6XA,PT PELNI,7/22/2023,8/27/2023,36,Semarang
FC Vanguard,R23VGRXA,PT ARMADA INDONESIA MANDIRI,8/16/2023,8/30/2023,14,Semarang
KRI Tarakan - 905,R23TARDA,SATHARMAT KOARMADA II,8/31/2023,9/18/2023,18,Semarang
KLM Emperor Harmoni,R23EPHXA,PT SAMUDRA YACHTING INDONESIA,9/7/2023,9/10/2023,3,Surabaya
TB Bima,R23TBBXA,PT SINAR BINTANG SAMUDERA,9/13/2023,9/22/2023,9,Surabaya
KRI Makassar - 590,R23MKSDA,SATHARMAT KOARMADA II,9/20/2023,10/18/2023,28,Irian
KM Dharma Ferry 5,R22DF5XA,PT DHARMA LAUTAN UTAMA,9/21/2023,10/9/2023,18,Semarang
AHTS Kylies,,PT. SUASA BENUA SUKSES,9/26/2023,10/9/2023,13,Surabaya
KMP Mahkota Nusantara,R23MTRXA,PT PRIMA EKSEKUTIF,10/14/2023,11/9/2023,26,Semarang
KRI Tarakan - 905,R23TARDA,SATHARMAT KOARMADA II,10/20/2023,10/30/2023,10,Irian
KRI Diponegoro,R23DPNDA,SATHARMAT KOARMADA II,10/20/2023,10/30/2023,10,Irian
KRI Surabaya,R23SBYDA,SATHARMAT KOARMADA II,11/1/2023,11/12/2023,11,Irian
KT Jayanegara 402,R23JY2XA,PT MARMIN,11/1/2023,11/12/2023,11,Irian
KRI Diponegoro,,SATHARMAT KOARMADA II,11/14/2023,11/15/2023,1,Irian
KRI Surabaya,,SATHARMAT KOARMADA II,11/14/2023,11/16/2023,2,Irian
KM Mutiara Ferindo II,,PT. MUTIARA FERINDA INTERNUSA,11/15/2023,11/27/2023,12,Semarang
ASD Tirta Elang,,PT. BAYU MARITIM BERKAH,11/18/2023,11/25/2023,7,Irian
KRI Rajiman,,SATHARMAT KOARMADA II,11/18/2023,11/25/2023,7,Irian
KM Tanto Abadi,R23TABXA,PT. TANTO INTIM LINE,11/25/2023,12/5/2023,10,Surabaya
KMP Mahkota Nusantara,R23MTRXA,PT PRIMA EKSEKUTIF,12/6/2023,12/28/2023,22,Irian
Kapal M242,R2324XA,PT. PINDAD (PERSERO),12/11/2023,12/31/2023,20,Semarang
Kapal M242,R23242XA,PT. PINDAD (PERSERO),12/11/2023,1/15/2024,35,Semarang
KM Danau Berlian,R23DNBXA,PT. RAJAWALI BERLIAN,12/14/2023,12/28/2023,14,Surabaya
RB Japan,,PT. RB INTIM LINE,12/29/2023,12/31/2023,2,Surabaya
TB Muria,,PT. TB INTIM LINE,12/29/2023,12/31/2023,2,Surabaya
RB Japan,,PT. RB INTIM LINE,12/29/2023,1/19/2024,21,Surabaya
TB Muria,,PT. TB INTIM LINE,12/29/2023,1/19/2024,21,Surabaya
ASD Tirta Elang,R23TEGXA,PT. BAYU MARITIM BERKAH,12/31/2023,12/31/2023,0,Irian
KM Dharma Kartika 5,R23DT5XA,PT DHARMA LAUTAN UTAMA,12/31/2023,12/31/2023,0,Irian
KRI REM - 331,R23REMCA,KEMENTERIAN PERTAHANAN REPUBLIK INDONESIA,1/15/2024,3/7/2024,52,Irian
KM Prince Soya,R23PRSXB,PT. BUNGA TERATAI,1/19/2024,2/1/2024,13,Surabaya
ASD Tirta Elang,R23TEGXA,PT. BAYU MARITIM BERKAH,1/27/2024,3/2/2024,35,Semarang
FRD KM Logistik Nusantara I,R24LN1XA,PT PELNI,1/27/2024,3/4/2024,37,Semarang
KRI Teluk Weda,R24TWDKA,KEMENTERIAN PERTAHANAN REPUBLIK INDONESIA,2/2/2024,2/22/2024,20,Surabaya
KM Leuser,R24LSRXA,PT PELNI,2/23/2024,3/6/2024,12,Surabaya
KRI Teluk Wondama,R24TWAXA,KEMENTERIAN PERTAHANAN REPUBLIK INDONESIA,3/8/2024,4/1/2024,24,Surabaya
KM Mutiara Persada III,R24MP3XA,PT ATOSIM LAMPUNG PELAYARAN,3/9/2024,3/25/2024,16,Irian
KM Sinabung,R24SNBXA,PT PELNI,3/9/2024,3/25/2024,16,Semarang
KLM Ayana Lako Dia,R24ALDXA,PT PRIMA NUSA BAHARI,3/10/2024,3/25/2024,15,Irian
KMP Mahkota Nusantara,R23MTRXA,PT PRIMA EKSEKUTIF,3/28/2024,4/29/2024,32,Irian
KM Dharma Kencana V,R24DK5XA,PT DHARMA LAUTAN UTAMA,3/30/2024,4/25/2024,26,Semarang
KM Adventurte,R24ADVXA,PT PELNI,4/3/2024,4/30/2024,27,Surabaya
RKR Geomarine III,R24GMRXA,BALAI BESAR SURVEI DAN PEMETAAN GEOLOGI KELAUTAN,5/2/2024,5/21/2024,19,Irian
KRI Bima Suci,R24BSCDA,SATHARMAT KOARMADA II,5/2/2024,5/21/2024,19,Irian
KRI Surabaya - 591,R24SBYDA,SATHARMAT KOARMADA II,5/2/2024,5/7/2024,5,Semarang
KMP Mahkota Nusantara,R24MTRXA,PT PRIMA EKSEKUTIF,5/21/2024,6/4/2024,14,Irian
Kapal M242,R2324XA,PT. PINDAD (PERSERO),12/11/2023,12/31/2023,20,Semarang
Kapal M242,R23242XA,PT. PINDAD (PERSERO),12/11/2023,1/15/2024,35,Semarang
KM Danau Berlian,R23DNBXA,PT. RAJAWALI BERLIAN,12/14/2023,12/28/2023,14,Surabaya
RB Japan,,PT. RB INTIM LINE,12/29/2023,12/31/2023,2,Surabaya
TB Muria,,PT. TB INTIM LINE,12/29/2023,12/31/2023,2,Surabaya
RB Japan,,PT. RB INTIM LINE,12/29/2023,1/19/2024,21,Surabaya
TB Muria,,PT. TB INTIM LINE,12/29/2023,1/19/2024,21,Surabaya
ASD Tirta Elang,R23TEGXA,PT. BAYU MARITIM BERKAH,12/31/2023,12/31/2023,0,Irian
KM Dharma Kartika 5,R23DT5XA,PT DHARMA LAUTAN UTAMA,12/31/2023,12/31/2023,0,Irian
KRI REM - 331,R23REMCA,KEMENTERIAN PERTAHANAN REPUBLIK INDONESIA,1/15/2024,3/7/2024,52,Irian
KM Prince Soya,R23PRSXB,PT. BUNGA TERATAI,1/19/2024,2/1/2024,13,Surabaya
ASD Tirta Elang,R23TEGXA,PT. BAYU MARITIM BERKAH,1/27/2024,3/2/2024,35,Semarang
FRD KM Logistik Nusantara I,R24LN1XA,PT PELNI,1/27/2024,3/4/2024,37,Semarang
KRI Teluk Weda,R24TWDKA,KEMENTERIAN PERTAHANAN REPUBLIK INDONESIA,2/2/2024,2/22/2024,20,Surabaya
KM Leuser,R24LSRXA,PT PELNI,2/23/2024,3/6/2024,12,Surabaya
KRI Teluk Wondama,R24TWAXA,KEMENTERIAN PERTAHANAN REPUBLIK INDONESIA,3/8/2024,4/1/2024,24,Surabaya
KM Mutiara Persada III,R24MP3XA,PT ATOSIM LAMPUNG PELAYARAN,3/9/2024,3/25/2024,16,Irian
KM Sinabung,R24SNBXA,PT PELNI,3/9/2024,3/25/2024,16,Semarang
KLM Ayana Lako Dia,R24ALDXA,PT PRIMA NUSA BAHARI,3/10/2024,3/25/2024,15,Irian
KMP Mahkota Nusantara,R23MTRXA,PT PRIMA EKSEKUTIF,3/28/2024,4/29/2024,32,Irian
KM Dharma Kencana V,R24DK5XA,PT DHARMA LAUTAN UTAMA,3/30/2024,4/25/2024,26,Semarang
KM Adventurte,R24ADVXA,PT PELNI,4/3/2024,4/30/2024,27,Surabaya
RKR Geomarine III,R24GMRXA,BALAI BESAR SURVEI DAN PEMETAAN GEOLOGI KELAUTAN,5/2/2024,5/21/2024,19,Irian
KRI Bima Suci,R24BSCDA,SATHARMAT KOARMADA II,5/2/2024,5/21/2024,19,Irian
KRI Surabaya - 591,R24SBYDA,SATHARMAT KOARMADA II,5/2/2024,5/7/2024,5,Semarang
KM Leuser,R24LSRXA,PT PELNI,5/8/2024,5/31/2024,23,Surabaya
KRI Dewaruci,R24DRCDA,SATHARMAT KOARMADA II,5/9/2024,5/24/2024,15,Semarang
KRI OWA - 354,R24OWAKA,SATHARMAT KOARMADA II,5/28/2024,5/31/2024,3,Irian
SV Indolziz,R24IDLDA,SATHARMAT KOARMADA II,5/28/2024,5/31/2024,3,Irian
