"id","nama_kapal","no_kontrol","owner","tanggal_docking","tanggal_undocking","rentang_waktu","nama_dock"
"1","TB Fatimah","R21TBFXA","PT. PELAYARAN ALBA BERKAH SAMUDERA","2021-12-30","2022-01-14","15","Irian"
"2","KM Mutiara Barat","R21MTBXA","PT ARMADA INDONESIA MANDIRI","2021-12-31","2022-01-14","14","Irian"
"3","AHT Patrona 118","R22PTNXA","PT SOWOHI KENTITI JAYA","2022-01-15","2022-01-28","13","Surabaya"
"4","KMP Niki Sejahtera","R21NSJXA","PT. BERLIAN LAUTAN SEJAHTERA","2022-01-16","2022-02-04","19","Irian"
"5","KM Tilong Kabila","R22TLKXA","PT PELNI","2022-01-30","2022-02-18","19","Surabaya"
"6","KM Lambelu","R22LBUXA","PT PELNI","2022-02-05","2022-02-17","12","Irian"
"7","AHT Patrona 118","R22PTNXA","PT SOWOHI KENTITI JAYA","2022-02-05","2022-02-17","12","Irian"
"8","KMP Niki Sejahtera","R21NSJXA","PT. BERLIAN LAUTAN SEJAHTERA","2022-02-22","2022-03-05","11","Irian"
"9","KM Binaiyah","R22BNIXA","PT PELNI","2022-02-22","2022-03-17","23","Surabaya"
"10","KM Kelimutu","R22KMUXA","PT PELNI","2022-03-05","2022-03-28","23","Irian"
"11","KM AWU","R22AWUXA","PT PELNI","2022-03-05","2022-03-28","23","Irian"
"12","KM Sarana Lintas Utama","R22SLUXA","PT. BANDAR BAHARI PERMAI","2022-03-18","2022-04-20","33","Surabaya"
"13","KM Sinabung","R22SNBXA","PT PELNI","2022-03-29","2022-04-13","15","Irian"
"14","KLM Ayana Lako DI 1","R22ALDXA","PT PRIMA NUSA BAHARI","2022-03-29","2022-04-13","15","Irian"
"15","KMP Niki Sejahtera (Docking III)","R21NSJGA","PT. BERLIAN LAUTAN SEJAHTERA","2022-04-14","2022-04-21","7","Irian"
"16","AHT Patrona 118 - Docking III","R22PTNXA","PT SOWOHI KENTITI JAYA","2022-04-22","2022-04-28","6","Surabaya"
"17","KRI Golok","R22GLKXA","TNI AL","2022-04-22","2022-04-28","6","Surabaya"
"18","KM Mutiara Sentosa III","R21MS3XA","PT ARMADA INDONESIA MANDIRI","2022-04-23","2022-04-29","6","Irian"
"19","KM Ferindo I","R22FR1XA","PT ARMADA INDONESIA MANDIRI","2022-04-30","2022-05-12","12","Irian"
"20","KM Baruna Jaya III","R22BJ3XA","BADAN RISET DAN INOVASI NASIONAL","2022-04-30","2022-05-27","27","Irian"
"21","SV Etzomer","R22EZRXA","PT GLOBAL EKA MARINE","2022-05-29","2022-06-06","8","Irian"
"22","SV Etzomer (Docking II)","R22EZRXA","PT GLOBAL EKA MARINE","2022-06-08","2022-06-29","21","Irian"
"23","KM Fatimah IV","R22FT4XA","PT. SAMAS","2022-06-08","2022-06-29","21","Irian"
"24","KM Logistik Nusantara 3","R22LN3XA","PT PELNI","2022-06-15","2022-07-07","22","Surabaya"
"25","KRI Cakra","G11ATQY","DIVISI KAPAL SELAM PT. PAL INDONESIA","2022-07-01","2022-07-04","3","Irian"
"26","BRS","T08DFPL","DIVISI NIAGA PT. PAL INDONESIA","2022-07-06","2022-07-21","15","Irian"
"27","KM Egon","R22EGNXA","PT PELNI","2022-07-08","2022-08-25","48","Surabaya"
"28","KM Blossom Pescadores","R22SBLOXA","PT. BANDAR BAHARI PERMAI","2022-07-22","2022-08-09","18","Irian"
"29","KM Ferindo II","R22FR2XA","PT. ARMADA INDONESIA MANDIRI","2022-08-10","2022-08-17","7","Irian"
"30","km Labobar","R22LABXA","PT PELNI","2022-08-19","2022-09-06","18","Irian"
"31","Dharma Ferry V","R22DF5XA","PT DHARMA LAUTAN UTAMA","2022-08-23","2022-09-09","17","Semarang"
"32","KLM Harmoni","R22EPHXA","PT SAMUDRA YACHTING INDONESIA","2022-08-23","2022-09-09","17","Semarang"
"33","KM Logistik Nusantara 2","R22LN2XA","PT PELNI","2022-09-02","2022-10-06","34","Surabaya"
"34","LCM PAL","I38ZMND","DIVISI PEMELIHARAAN DAN PERBAIKAN PT. PAL INDONESIA","2022-09-02","2022-10-06","34","Surabaya"
"35","KRI Yos Sudarso - 353","R22YOSDA","DISHARKAP KOARMADA II","2022-09-08","2022-09-27","19","Irian"
"36","SV Prospero 9","R22PR9XA","PT SOWOHI KENTITI JAYA","2022-09-08","2022-09-29","21","Irian"
"37","TB Morino 168","R22MRNXA","PT SAHUINDO MARINO JAYA","2022-09-08","2022-09-29","21","Irian"
"38","MT Ratu Ruwaidah","R22RRWXA","PT BAROKAH GEMILANG PERKASA","2022-09-12","2022-12-28","107","Semarang"
"39","KRI Arun - 903","R22ARNDA","DISHARKAP KOARMADA II","2022-09-29","2022-10-07","8","Irian"
"40","KMP Niki Barokah","R22NBRXA","PT. BERLIAN LAUTAN SEJAHTERA","2022-10-09","2022-11-04","26","Surabaya"
"41","KM Mutiara Timur I","R22MT1XA","PT ARMADA INDONESIA MANDIRI","2022-10-10","2022-10-22","12","Irian"
"42","KM Lumoso Selamat","R22LSMXA","PT. PELNI","2022-10-26","2022-11-11","16","Irian"
"43","KT Jaya Negara 401","R22JYNXA","PT. PELNI","2022-10-26","2022-11-11","16","Irian"
"44","KM Tanto Handal","R22THDXA","PT. TANTO INTIM LINE","2022-11-07","2022-11-24","17","Surabaya"
"45","KM Mutiara Persada III","R22MP3XA","PT ARMADA INDONESIA MANDIRI","2022-11-15","2022-11-25","10","Irian"
"46","KMP Niki Sae","R22NSEXA","PT. BERLIAN LAUTAN SEJAHTERA","2022-12-01","2022-12-12","11","Irian"
"47","KM Kirana III","R22KR3XA","PT DHARMA LAUTAN UTAMA","2022-12-08","2022-12-31","23","Surabaya"
"48","KM Dharma Rucitra 8","R22DR8XA","PT DHARMA LAUTAN UTAMA","2022-12-16","2022-12-31","15","Irian"
"49","KM Dharma Rucitra 8","R22DR8XA","PT DHARMA LAUTAN UTAMA","2022-12-16","2023-02-04","50","Irian"
"50","FC Avant Garde","R22AVGXA","PT ARMADA INDONESIA MANDIRI","2022-12-29","2022-12-31","2","Semarang"
"51","KRI Fatahilah - 361","R22FTHXA","KEMENTERIAN PERTAHANAN REPUBLIK INDONESIA","2022-12-29","2022-12-31","2","Semarang"
"52","KRI Hasan Basri","R23HBSXA","KEMENTERIAN PERTAHANAN REPUBLIK INDONESIA","2023-01-09","2023-01-31","22","Surabaya"
"53","KRI Dr. Wahidin Sudiro Husodo","SATHARMAT KOARMADA II","1/18/2023","2023-01-18","2023-01-31","13","Semarang"
"54","KRI Malahayati - 361","R22MLHXA","SATHARMAT KOARMADA II","2023-01-18","2023-01-31","13","Semarang"
"55","KMP Prince Soya","R23PRSXA","PT. BUNGA TERATAI","2023-02-01","2023-02-07","6","Surabaya"
"56","KM Tilong Kabila","R23TLKXA","PT PELNI","2023-02-02","2023-02-17","15","Semarang"
"57","SV Geomarini III","R23GM3XA","BALAI BESAR SURVEI DAN PEMETAAN GEOLOGI KELAUTAN","2023-02-02","2023-02-17","15","Semarang"
"58","KRI Bima Suci","R23BSCDA","SATHARMAT KOARMADA II","2023-02-06","2023-02-27","21","Irian"
"59","KM Kirana","R23KRNXA","PT DHARMA LAUTAN UTAMA","2023-02-06","2023-02-25","19","Irian"
"60","KRI Teluk Banten - 516","R23TBTDA","DISHARKAP","2023-02-09","2023-03-03","22","Surabaya"
"61","KM Lambelu","R23LBUXA","PT PELNI","2023-02-21","2023-03-23","30","Semarang"
"62","KM Logistik Nusantara 5","R23LN5XA","PT PELNI","2023-02-21","2023-03-23","30","Semarang"
"63","KM Sinabung","R23SNBXA","PT PELNI","2023-02-21","2023-04-07","45","Semarang"
"64","KT Jayanegara 402","R23JY2XA","PT. PELINDO MARINE SERVICE","2023-03-02","2023-03-15","13","Irian"
"65","KM Niki Sejahtera","R23NSJXA","PT. BERLIAN LAUTAN SEJAHTERA","2023-03-02","2023-03-15","13","Irian"
"66","KM Leuser","R23LSRXA","PT PELNI","2023-03-04","2023-03-30","26","Surabaya"
"67","KM Bukit Siguntang","R23BKSXA","PT PELNI","2023-03-18","2023-04-01","14","Irian"
"68","KM Niki Mila Utama","R23NMUXA","PT. TIMUR MILA UTAMA","2023-03-25","2023-04-07","13","Semarang"
"69","KM Sakira","R23SKRXA","PT LUNDIN","2023-04-01","2023-04-08","7","Surabaya"
"70","MT Patricia","R23PTCXA","PT BAROKAH GEMILANG PERKASA","2023-04-06","2023-05-02","26","Irian"
"71","KRI Teluk Ende - 517","R23TLEKA","DISHARKAP","2023-04-10","2023-06-24","75","Surabaya"
"72","KM Ratu Ruwaidah","R23RRWXA","PT BAROKAH GEMILANG PERKASA","2023-04-12","2023-04-16","4","Semarang"
"73","MT Salmon Mustafa","R23SMFXA","PT PUPUK INDONESIA LOGISTIK","2023-04-19","2023-06-16","58","Semarang"
"74","KM Niki Sejahtera","R23NSJXA","PT. BERLIAN LAUTAN SEJAHTERA","2023-04-19","2023-05-24","35","Semarang"
"75","MT Salmon Mustafa","R23SMFXA","PT PUPUK INDONESIA LOGISTIK","2023-04-19","2023-06-16","58","Semarang"
"76","MT Salmon Mustafa","R23SMFXA","PT PUPUK INDONESIA LOGISTIK","2023-04-19","2023-06-16","58","Semarang"
"77","KM Dharma Kartika 2","R22DR8XA","PT DHARMA LAUTAN UTAMA","2023-05-06","2023-05-27","21","Irian"
"78","OFT Apollo","R23APLXA","PT. PELAYARAN SINAR SHIPPING INDONESIA","2023-05-27","2023-06-03","7","Semarang"
"79","FC Sovereign 8","R22SV8XA","PT TRANS POWER MARINE Tbk","2023-05-29","2023-06-06","8","Irian"
"80","KM Mutiara Barat","R23MTBXA","PT ATOSIM LAMPUNG PELAYARAN","2023-06-12","2023-06-28","16","Irian"
"81","FC Straits Ventura II","R23SV2XA","PT. PELAYARAN STRAITS PERDANA","2023-06-12","2023-06-16","4","Semarang"
"82","KRI Slamet Riyadi","R23SRIDA","SATHARMAT KOARMADA II","2023-07-03","2023-07-18","15","Irian"
"83","KRI Yos Sudarso","R23YOSDA","SATHARMAT KOARMADA II","2023-07-03","2023-07-18","15","Irian"
"84","MT Patricia","R23PTCXA","PT BAROKAH GEMILANG PERKASA","2023-07-07","2023-07-20","13","Semarang"
"85","KRI Ajak - 653","R22FPBXA","KEMENTERIAN PERTAHANAN REPUBLIK INDONESIA","2023-07-12","2023-09-06","56","Surabaya"
"86","KRI Ahmad Yani","R23AMYKA","SATHARMAT KOARMADA II","2023-07-20","2023-09-18","60","Irian"
"87","KM Logistik Nusantara 6","R23LN6XA","PT PELNI","2023-07-22","2023-08-27","36","Semarang"
"88","KM Logistik Nusantara 6","R23LN6XA","PT PELNI","2023-07-22","2023-08-27","36","Semarang"
"89","KM Dharma Kartika 2","R22DR8XA","PT DHARMA LAUTAN UTAMA","2023-05-06","2023-05-27","21","Irian"
"90","OFT Apollo","R23APLXA","PT. PELAYARAN SINAR SHIPPING INDONESIA","2023-05-27","2023-06-03","7","Semarang"
"91","FC Sovereign 8","R22SV8XA","PT TRANS POWER MARINE Tbk","2023-05-29","2023-06-06","8","Irian"
"92","KM Mutiara Barat","R23MTBXA","PT ATOSIM LAMPUNG PELAYARAN","2023-06-12","2023-06-28","16","Irian"
"93","FC Straits Ventura II","R23SV2XA","PT. PELAYARAN STRAITS PERDANA","2023-06-12","2023-06-16","4","Semarang"
"94","KRI Slamet Riyadi","R23SRIDA","SATHARMAT KOARMADA II","2023-07-03","2023-07-18","15","Irian"
"95","KRI Yos Sudarso","R23YOSDA","SATHARMAT KOARMADA II","2023-07-03","2023-07-18","15","Irian"
"96","MT Patricia","R23PTCXA","PT BAROKAH GEMILANG PERKASA","2023-07-07","2023-07-20","13","Semarang"
"97","KRI Ajak - 653","R22FPBXA","KEMENTERIAN PERTAHANAN REPUBLIK INDONESIA","2023-07-12","2023-09-06","56","Surabaya"
"98","KRI Ahmad Yani","R23AMYKA","SATHARMAT KOARMADA II","2023-07-20","2023-09-18","60","Irian"
"99","KM Logistik Nusantara 6","R23LN6XA","PT PELNI","2023-07-22","2023-08-27","36","Semarang"
"100","KM Logistik Nusantara 6","R23LN6XA","PT PELNI","2023-07-22","2023-08-27","36","Semarang"
"101","FC Vanguard","R23VGRXA","PT ARMADA INDONESIA MANDIRI","2023-08-16","2023-08-30","14","Semarang"
"102","KRI Tarakan - 905","R23TARDA","SATHARMAT KOARMADA II","2023-08-31","2023-09-18","18","Semarang"
"103","KLM Emperor Harmoni","R23EPHXA","PT SAMUDRA YACHTING INDONESIA","2023-09-07","2023-09-10","3","Surabaya"
"104","TB Bima","R23TBBXA","PT SINAR BINTANG SAMUDERA","2023-09-13","2023-09-22","9","Surabaya"
"105","KRI Makassar - 590","R23MKSDA","SATHARMAT KOARMADA II","2023-09-20","2023-10-18","28","Irian"
"106","KM Dharma Ferry 5","R22DF5XA","PT DHARMA LAUTAN UTAMA","2023-09-21","2023-10-09","18","Semarang"
"107","AHTS Kylies","R23KYLXA","PT. SUASA BENUA SUKSES","2023-09-26","2023-10-09","13","Surabaya"
"108","KMP Mahkota Nusantara","R23MTRXA","PT PRIMA EKSEKUTIF","2023-10-14","2023-11-09","26","Semarang"
"109","KRI Tarakan - 905","R23TARDA","SATHARMAT KOARMADA II","2023-10-20","2023-10-30","10","Irian"
"110","KRI Diponegoro","R23DPNDA","SATHARMAT KOARMADA II","2023-10-20","2023-10-30","10","Irian"
"111","KRI Surabaya","R23SBYDA","SATHARMAT KOARMADA II","2023-11-01","2023-11-12","11","Irian"
"112","KT Jayanegara 402","R23JY2XA","PT MARMIN","2023-11-01","2023-11-12","11","Irian"
"113","KRI Diponegoro","R23DPNDA","SATHARMAT KOARMADA II","2023-11-14","2023-11-15","1","Irian"
"114","KRI Surabaya","R23SBYDA","SATHARMAT KOARMADA II","2023-11-14","2023-11-16","2","Irian"
"115","KM Mutiara Ferindo II","R23FR2XA","PT. MUTIARA FERINDA INTERNUSA","2023-11-15","2023-11-27","12","Semarang"
"116","ASD Tirta Elang","R23TEGXA","PT. BAYU MARITIM BERKAH","2023-11-18","2023-11-25","7","Irian"
"117","KRI Rajiman","D72CQYW","SATHARMAT KOARMADA II","2023-11-18","2023-11-25","7","Irian"
"118","KM Tanto Abadi","R23TABXA","PT. TANTO INTIM LINE","2023-11-25","2023-12-05","10","Surabaya"
"119","KMP Mahkota Nusantara","R23MTRXA","PT PRIMA EKSEKUTIF","2023-12-06","2023-12-28","22","Irian"
"120","Kapal M242","R2324XA","PT. PINDAD (PERSERO)","2023-12-11","2023-12-31","20","Semarang"
"121","Kapal M242","R23242XA","PT. PINDAD (PERSERO)","2023-12-11","2024-01-15","35","Semarang"
"122","KM Danau Berlian","R23DNBXA","PT. RAJAWALI BERLIAN","2023-12-14","2023-12-28","14","Surabaya"
"123","RB Japan","J37NIEU","PT. RB INTIM LINE","2023-12-29","2023-12-31","2","Surabaya"
"124","TB Muria","M95UHBK","PT. TB INTIM LINE","2023-12-29","2023-12-31","2","Surabaya"
"125","RB Japan","Y30IITU","PT. RB INTIM LINE","2023-12-29","2024-01-19","21","Surabaya"
"126","TB Muria","O59FEHV","PT. TB INTIM LINE","2023-12-29","2024-01-19","21","Surabaya"
"127","ASD Tirta Elang","R23TEGXA","PT. BAYU MARITIM BERKAH","2023-12-31","2023-12-31","0","Irian"
"128","KM Dharma Kartika 5","R23DT5XA","PT DHARMA LAUTAN UTAMA","2023-12-31","2023-12-31","0","Irian"
"129","KRI REM - 331","R23REMCA","KEMENTERIAN PERTAHANAN REPUBLIK INDONESIA","2024-01-15","2024-03-07","52","Irian"
"130","KM Prince Soya","R23PRSXB","PT. BUNGA TERATAI","2024-01-19","2024-02-01","13","Surabaya"
"131","ASD Tirta Elang","R23TEGXA","PT. BAYU MARITIM BERKAH","2024-01-27","2024-03-02","35","Semarang"
"132","FRD KM Logistik Nusantara I","R24LN1XA","PT PELNI","2024-01-27","2024-03-04","37","Semarang"
"133","KRI Teluk Weda","R24TWDKA","KEMENTERIAN PERTAHANAN REPUBLIK INDONESIA","2024-02-02","2024-02-22","20","Surabaya"
"134","KM Leuser","R24LSRXA","PT PELNI","2024-02-23","2024-03-06","12","Surabaya"
"135","KRI Teluk Wondama","R24TWAXA","KEMENTERIAN PERTAHANAN REPUBLIK INDONESIA","2024-03-08","2024-04-01","24","Surabaya"
"136","KM Mutiara Persada III","R24MP3XA","PT ATOSIM LAMPUNG PELAYARAN","2024-03-09","2024-03-25","16","Irian"
"137","KM Sinabung","R24SNBXA","PT PELNI","2024-03-09","2024-03-25","16","Semarang"
"138","KLM Ayana Lako Dia","R24ALDXA","PT PRIMA NUSA BAHARI","2024-03-10","2024-03-25","15","Irian"
"139","KMP Mahkota Nusantara","R23MTRXA","PT PRIMA EKSEKUTIF","2024-03-28","2024-04-29","32","Irian"
"140","KM Dharma Kencana V","R24DK5XA","PT DHARMA LAUTAN UTAMA","2024-03-30","2024-04-25","26","Semarang"
"141","KM Adventurte","R24ADVXA","PT PELNI","2024-04-03","2024-04-30","27","Surabaya"
"142","RKR Geomarine III","R24GMRXA","BALAI BESAR SURVEI DAN PEMETAAN GEOLOGI KELAUTAN","2024-05-02","2024-05-21","19","Irian"
"143","KRI Bima Suci","R24BSCDA","SATHARMAT KOARMADA II","2024-05-02","2024-05-21","19","Irian"
"144","KRI Surabaya - 591","R24SBYDA","SATHARMAT KOARMADA II","2024-05-02","2024-05-07","5","Semarang"
"145","KMP Mahkota Nusantara","R24MTRXA","PT PRIMA EKSEKUTIF","2024-05-21","2024-06-04","14","Irian"
"146","Kapal M242","R2324XA","PT. PINDAD (PERSERO)","2023-12-11","2023-12-31","20","Semarang"
"147","Kapal M242","R23242XA","PT. PINDAD (PERSERO)","2023-12-11","2024-01-15","35","Semarang"
"148","KM Danau Berlian","R23DNBXA","PT. RAJAWALI BERLIAN","2023-12-14","2023-12-28","14","Surabaya"
"149","RB Japan","J37NIEU","PT. RB INTIM LINE","2023-12-29","2023-12-31","2","Surabaya"
"150","TB Muria","M95UHBK","PT. TB INTIM LINE","2023-12-29","2023-12-31","2","Surabaya"
"151","RB Japan","Y30IITU","PT. RB INTIM LINE","2023-12-29","2024-01-19","21","Surabaya"
"152","TB Muria","O59FEHV","PT. TB INTIM LINE","2023-12-29","2024-01-19","21","Surabaya"
"153","ASD Tirta Elang","R23TEGXA","PT. BAYU MARITIM BERKAH","2023-12-31","2023-12-31","0","Irian"
"154","KM Dharma Kartika 5","R23DT5XA","PT DHARMA LAUTAN UTAMA","2023-12-31","2023-12-31","0","Irian"
"155","KRI REM - 331","R23REMCA","KEMENTERIAN PERTAHANAN REPUBLIK INDONESIA","2024-01-15","2024-03-07","52","Irian"
"156","KM Prince Soya","R23PRSXB","PT. BUNGA TERATAI","2024-01-19","2024-02-01","13","Surabaya"
"157","ASD Tirta Elang","R23TEGXA","PT. BAYU MARITIM BERKAH","2024-01-27","2024-03-02","35","Semarang"
"158","FRD KM Logistik Nusantara I","R24LN1XA","PT PELNI","2024-01-27","2024-03-04","37","Semarang"
"159","KRI Teluk Weda","R24TWDKA","KEMENTERIAN PERTAHANAN REPUBLIK INDONESIA","2024-02-02","2024-02-22","20","Surabaya"
"160","KM Leuser","R24LSRXA","PT PELNI","2024-02-23","2024-03-06","12","Surabaya"
"161","KRI Teluk Wondama","R24TWAXA","KEMENTERIAN PERTAHANAN REPUBLIK INDONESIA","2024-03-08","2024-04-01","24","Surabaya"
"162","KM Mutiara Persada III","R24MP3XA","PT ATOSIM LAMPUNG PELAYARAN","2024-03-09","2024-03-25","16","Irian"
"163","KM Sinabung","R24SNBXA","PT PELNI","2024-03-09","2024-03-25","16","Semarang"
"164","KLM Ayana Lako Dia","R24ALDXA","PT PRIMA NUSA BAHARI","2024-03-10","2024-03-25","15","Irian"
"165","KMP Mahkota Nusantara","R23MTRXA","PT PRIMA EKSEKUTIF","2024-03-28","2024-04-29","32","Irian"
"166","KM Dharma Kencana V","R24DK5XA","PT DHARMA LAUTAN UTAMA","2024-03-30","2024-04-25","26","Semarang"
"167","KM Adventurte","R24ADVXA","PT PELNI","2024-04-03","2024-04-30","27","Surabaya"
"168","RKR Geomarine III","R24GMRXA","BALAI BESAR SURVEI DAN PEMETAAN GEOLOGI KELAUTAN","2024-05-02","2024-05-21","19","Irian"
"169","KRI Bima Suci","R24BSCDA","SATHARMAT KOARMADA II","2024-05-02","2024-05-21","19","Irian"
"170","KRI Surabaya - 591","R24SBYDA","SATHARMAT KOARMADA II","2024-05-02","2024-05-07","5","Semarang"
"171","KM Leuser","R24LSRXA","PT PELNI","2024-05-08","2024-05-31","23","Surabaya"
"172","KRI Dewaruci","R24DRCDA","SATHARMAT KOARMADA II","2024-05-09","2024-05-24","15","Semarang"
"173","KRI OWA - 354","R24OWAKA","SATHARMAT KOARMADA II","2024-05-28","2024-05-31","3","Irian"
"174","SV Indolziz","R24IDLDA","SATHARMAT KOARMADA II","2024-05-28","2024-05-31","3","Irian"
